{"cameraMode":{"drawMode":0,"name":"Shaded","section":"Shading Mode"},"sceneLighting":true,"audioPlay":false,"sceneViewState":{"m_AlwaysRefresh":false,"showFog":true,"showSkybox":false,"showFlares":true,"showImageEffects":true,"showParticleSystems":true,"showVisualEffectGraphs":true,"m_FxEnabled":true},"in2DMode":false,"pivot":{"x":173.51576232910157,"y":169.88833618164063,"z":102.48261260986328},"rotation":{"x":0.08768975734710694,"y":0.015434802509844303,"z":-0.0013622796395793558,"w":0.9960688948631287},"size":188.25604248046876,"orthographic":false}